{
    "r2": 0.6913729428797853,
    "mae": 0.5512379621936525,
    "rmse": 0.6954560915914864,
    "pearson_r": 0.8317937383765117,
    "pearson_p": 4.602007774415637e-45,
    "spearman_r": 0.8041551341797104,
    "spearman_p": 5.039185607150385e-40
}