{
    "r2": 0.6054440543117643,
    "mae": 0.7422123533883073,
    "rmse": 1.04562158660663,
    "pearson_r": 0.7793160959402159,
    "pearson_p": 0.0
}