{
    "r2": 0.6179076335091451,
    "mae": 0.5882133350525589,
    "rmse": 0.7882405840695391,
    "pearson_r": 0.7873164905453451,
    "pearson_p": 0.0
}