{
    "r2": 0.3096109069870393,
    "mae": 1.0829572394311329,
    "rmse": 1.4244768885305792,
    "pearson_r": 0.5588258071056083,
    "pearson_p": 1.677617716592918e-188
}