{
    "r2": 0.4681600482931525,
    "mae": 0.7273311295757797,
    "rmse": 0.9551833462444329,
    "pearson_r": 0.6867312312389103,
    "pearson_p": 0.0
}