sample_id,split,y_true,y_baseline,y_condition,y_msa1d,y_msa2d
3ed1f8dfcf4cd36e,test,1.3111178426625056,1.4606058875529588,1.1296491322883655,0.31849545,0.3258775244225099
5e846509b769770d,test,3.150756439860309,1.458948473764173,1.4632030373645886,1.8043369,1.2136421027090043
f48036eecb50da36,test,4.8750612633917,1.8604017256701104,2.411684856479756,1.1582702,1.6670385440483289
4f360ac57534b0ad,test,3.113943352306837,1.6155091214383974,1.25967301904972,1.043281,0.8362320752535527
91f00a55a0646b5a,test,1.5185139398778875,1.6513923813343696,1.3778761988855588,1.2234246,1.378714590590668
0da2cfbe7d63083e,test,-0.3098039199714864,0.2990128270338388,1.2028703236574376,1.0594625,1.5131604506680032
173130031ed9264c,test,-1.9100948885606024,0.3940351475577687,0.5765516270761276,0.2858741,0.6526132169363951
