{
    "r2": 0.7031556792301219,
    "mae": 0.41965510257274763,
    "rmse": 0.5011490245951661,
    "pearson_r": 1.0,
    "pearson_p": 1.0,
    "spearman_r": 0.9999999999999999,
    "spearman_p": NaN
}