sample_id,y_true,y_pred,split
3ed1f8dfcf4cd36e,1.3111178426625056,1.1653969,test
5e846509b769770d,3.150756439860309,2.4571671,test
