{
    "r2": 0.4950529706079133,
    "mae": 0.7020605415451949,
    "rmse": 0.9319505821792236,
    "pearson_r": 0.7057613107456816,
    "pearson_p": 0.0
}