{
    "r2": 0.31033942895841105,
    "mae": 1.0888616456507663,
    "rmse": 1.4303858508529061,
    "pearson_r": 0.5584917476165201,
    "pearson_p": 9.224812803302006e-184
}